<?xml version="1.0" encoding="utf-8"?>
<multistructure>
	<topmostelement>
		<entity>Surveys</entity>
	</topmostelement>
	<level name="question">
		<xmldialog>/ASP/Project/SurveyManager/baseedit/question/Dialog.xml</xmldialog>
		<height>100</height>
		<width>800</width>
		<entity>Questions</entity>
		<newbutton>Neue Frage einfügen</newbutton>
		<sortfield iconup="icon_arrow_scrollUp_yellow" icondown="icon_arrow_scrollDown_yellow">qst_index</sortfield>
		<relation>
			<thislevel>qst_svy_id</thislevel>
			<toplevel>svy_id</toplevel>
		</relation>
		<optiondialog>
			<text>Bitte wählen Sie einen Antworttyp aus:</text>
			<newbutton>Neue Antwort einfügen</newbutton>
		</optiondialog>
		<level name="CheckBoxAnswer">
			<relation>
				<thislevel>ans_qst_id</thislevel>
				<toplevel>qst_id</toplevel>
			</relation>
			<optiondialog>
				<caption>Checkbox-Antwort</caption>
			</optiondialog>
			<sortfield iconup="icon_arrow_scrollUp_yellow" icondown="icon_arrow_scrollDown_yellow">ans_index</sortfield>
			<xmldialog>/ASP/Project/SurveyManager/baseedit/answer/Dialog_Checkbox.xml</xmldialog>
			<height>80</height>
			<width>700</width>
			<entity>Answers</entity>
			<newbutton>Neue Antwort einfügen</newbutton>
			<condition>
				<entityfield>ans_aty_id</entityfield>
				<value>CHECKBOX</value>
			</condition>
			
		</level>
		<level name="SingleChoiceAnswer">
			<relation>
				<thislevel>ans_qst_id</thislevel>
				<toplevel>qst_id</toplevel>
			</relation>
			<optiondialog>
				<caption>Einzelauswahl-Antwort</caption>
			</optiondialog>
			<sortfield iconup="icon_arrow_scrollUp_yellow" icondown="icon_arrow_scrollDown_yellow">ans_index</sortfield>
			<xmldialog>/ASP/Project/SurveyManager/baseedit/answer/Dialog_SingleChoice.xml</xmldialog>
			<height>120</height>
			<width>700</width>
			<entity>Answers</entity>
			<newbutton>Neue Antwort einfügen</newbutton>
			<condition>
				<entityfield>ans_aty_id</entityfield>
				<value>SINGLECHOICE</value>
			</condition>
			<level name="SingleChoiceAnswer_AnswerValue">
				<relation>
					<thislevel>val_ans_id</thislevel>
					<toplevel>ans_id</toplevel>
				</relation>
				<sortfield iconup="icon_arrow_scrollUp_yellow" icondown="icon_arrow_scrollDown_yellow">val_index</sortfield>
				<xmldialog>/ASP/Project/SurveyManager/baseedit/answervalue/Dialog.xml</xmldialog>
				<height>80</height>
				<width>700</width>
				<entity>Answervalues</entity>
				<newbutton>Neuer Auswahlwert</newbutton>
			</level>
		</level>
		<level name="ChoiceAnswer">
			<relation>
				<thislevel>ans_qst_id</thislevel>
				<toplevel>qst_id</toplevel>
			</relation>
			<optiondialog>
				<caption>Mehrfachauswahl-Antwort</caption>
			</optiondialog>
			<sortfield iconup="icon_arrow_scrollUp_yellow" icondown="icon_arrow_scrollDown_yellow">ans_index</sortfield>
			<xmldialog>/ASP/Project/SurveyManager/baseedit/answer/Dialog_MultipleChoice.xml</xmldialog>
			<height>100</height>
			<width>700</width>
			<entity>Answers</entity>
			<newbutton>Neue Antwort einfügen</newbutton>
			<condition>
				<entityfield>ans_aty_id</entityfield>
				<value>MULTIPLECHOICE</value>
			</condition>
			<level name="ChoiceAnswer_AnswerValue">
				<relation>
					<thislevel>val_ans_id</thislevel>
					<toplevel>ans_id</toplevel>
				</relation>
				<sortfield iconup="icon_arrow_scrollUp_yellow" icondown="icon_arrow_scrollDown_yellow">val_index</sortfield>
				<xmldialog>/ASP/Project/SurveyManager/baseedit/answervalue/Dialog.xml</xmldialog>
				<height>80</height>
				<width>700</width>
				<entity>Answervalues</entity>
				<newbutton>Neuer Auswahlwert</newbutton>
			</level>
		</level>
		<level name="FreeTextAnswer">
			<relation>
				<thislevel>ans_qst_id</thislevel>
				<toplevel>qst_id</toplevel>
			</relation>
			<sortfield iconup="icon_arrow_scrollUp_yellow" icondown="icon_arrow_scrollDown_yellow">ans_index</sortfield>
			<optiondialog>
				<caption>Freitext-Antwort</caption>
			</optiondialog>
			<xmldialog>/ASP/Project/SurveyManager/baseedit/answer/Dialog_FreeText.xml</xmldialog>
			<height>100</height>
			<width>700</width>
			<entity>Answers</entity>
			<newbutton>Neue Antwort einfügen</newbutton>
			<condition>
				<entityfield>ans_aty_id</entityfield>
				<value>FREETEXT</value>
			</condition>
		</level>
		<level name="GapTextAnswer">
			<relation>
				<thislevel>ans_qst_id</thislevel>
				<toplevel>qst_id</toplevel>
			</relation>
			<optiondialog>
				<caption>Lückentext</caption>
			</optiondialog>
			<sortfield iconup="icon_arrow_scrollUp_yellow" icondown="icon_arrow_scrollDown_yellow">ans_index</sortfield>
			<xmldialog>/ASP/Project/SurveyManager/baseedit/answer/Dialog_GapText.xml</xmldialog>
			<height>150</height>
			<width>700</width>
			<entity>Answers</entity>
			<newbutton>Neue Antwort einfügen</newbutton>
			<condition>
				<entityfield>ans_aty_id</entityfield>
				<value>GAPTEXT</value>
			</condition>
			<level name="GapText_AnswerValue">
				<relation>
					<thislevel>val_ans_id</thislevel>
					<toplevel>ans_id</toplevel>
				</relation>
				<sortfield iconup="icon_arrow_scrollUp_yellow" icondown="icon_arrow_scrollDown_yellow">val_index</sortfield>
				<xmldialog>/ASP/Project/SurveyManager/baseedit/answervalue/Dialog2.xml</xmldialog>
				<height>28</height>
				<width>700</width>
				<entity>Answervalues</entity>
				<newbutton>Neuen Lückenwert einfügen</newbutton>
			</level>
		</level>
	</level>
</multistructure>
