<?xml version="1.0" encoding="utf-8" ?>
<efDialogPage MULTIROW="0" DIALOGSIZE="1">
	<efDialogRow>
		<efDialogField>
			<NAME>val_id</NAME>
			<TYPE>HIDDEN</TYPE>
		</efDialogField>
		<efDialogField WIDTHLABEL="20%" WIDTHFIELD="30%">
			<NAME>val_ans_id</NAME>
			<TYPE>HIDDEN</TYPE>
		</efDialogField>
		<efDialogField WIDTHLABEL="20%" WIDTHFIELD="30%">
			<DESC>Antwort$wert</DESC>
			<NAME>val_text</NAME>
			<TYPE>INPUT</TYPE>
		</efDialogField>
		<efDialogField WIDTHLABEL="20%" WIDTHFIELD="30%">
			<DESC>Standardwert</DESC>
			<NAME>val_default</NAME>
			<TYPE>CHECKBOX</TYPE>
			<VALUE>0</VALUE>
		</efDialogField>
	</efDialogRow>
	<efDialogRow>
		<efDialogField WIDTHLABEL="20%" WIDTHFIELD="30%" NOWRAP="1">
			<NAME>val_correct</NAME>
			<TYPE>CHECKBOX</TYPE>
			<DESC>$richtige Antwort1</DESC>
		</efDialogField>
		<efDialogField WIDTHLABEL="20%" WIDTHFIELD="30%">
			<DESC>HTML</DESC>
			<NAME>val_html</NAME>
			<TYPE>INPUT</TYPE>
			<ROWS>2</ROWS>
		</efDialogField>
	</efDialogRow>
	<efDialogRow>
		<efDialogField WIDTHLABEL="20%" WIDTHFIELD="30%" NOWRAP="1">
			<NAME>val_text_on_correct</NAME>
			<TYPE>INPUT</TYPE>
			<DESC>Text bei richtig</DESC>
		</efDialogField>
		<efDialogField WIDTHLABEL="20%" WIDTHFIELD="30%" NOWRAP="1">
			<NAME>val_text_on_false</NAME>
			<TYPE>INPUT</TYPE>
			<DESC>Text bei falsch</DESC>
		</efDialogField>
	</efDialogRow>
	<efDialogRow>
		<efDialogField>
			<DESC>Reihenfolge</DESC>
			<NAME>val_index</NAME>
			<TYPE>NUMBER</TYPE>
		</efDialogField>
		<efDialogField>
			<DESC>interner Wert (eindeutig!)</DESC>
			<NAME>val_for_db</NAME>
			<TYPE>INPUT</TYPE>
			<MAXLENGTH>10</MAXLENGTH>
		</efDialogField>
	</efDialogRow>
	<efDialogRow>
		<efDialogField COLSPANFIELD="3">
			<NAME>val_mathml</NAME>
			<DESC>$Mathe-ML</DESC>
			<TYPE>TEXTAREA</TYPE>
			<COLS>150</COLS>
			<ROWS>3</ROWS>
			<VALUE></VALUE>
		</efDialogField>
	</efDialogRow>
</efDialogPage>
