<?xml version="1.0" encoding="utf-8" ?>
<efDialogPage MULTIROW="0" DIALOGSIZE="1">
	<efDialogRow>
		<efDialogField>
			<NAME>svy_id</NAME>
			<TYPE>HIDDEN</TYPE>
		</efDialogField>
		<efDialogField>
			<DESC>$Name</DESC>
			<NAME>svy_name</NAME>
			<TYPE>INPUT</TYPE>
		</efDialogField>
		<efDialogField>
			<DESC>$Gruppe</DESC>
			<NAME>svy_svg_id</NAME>
			<TYPE>INPUT</TYPE>
			<ENTITY>SurveyGroups</ENTITY>
		</efDialogField>
	</efDialogRow>
	<efDialogRow>
		<efDialogField>
			<DESC>e$xterne Web-ID</DESC>
			<NAME>svy_externalid</NAME>
			<TYPE>INPUT</TYPE>
		</efDialogField>
		<efDialogField>
			<DESC>$Vorlage</DESC>
			<NAME>svy_template</NAME>
			<TYPE>CHECKBOX</TYPE>
		</efDialogField>
	</efDialogRow>
	<efDialogRow>
		<efDialogField>
			<DESC>Status</DESC>
			<NAME>svy_sst_id</NAME>
			<TYPE>DATACOMBO</TYPE>
			<SRC>SurveyStates</SRC>
			<READONLY>1</READONLY>
		</efDialogField>
		<efDialogField>
			<DESC>Art</DESC>
			<NAME>svy_svt_id</NAME>
			<TYPE>DATACOMBO</TYPE>
			<SRC>SurveyTypes</SRC>
		</efDialogField>
	</efDialogRow>
	<efDialogRow>
		<efDialogField>
			<NAME>svy_css</NAME>
			<DESC>CSS-Datei (URI)</DESC>
			<TYPE>INPUT</TYPE>
		</efDialogField>
		<efDialogField>
			<NAME>svy_testpassed_percentage</NAME>
			<DESC>Prozent bestanden</DESC>
			<TYPE>INPUT</TYPE>
		</efDialogField>
	</efDialogRow>
	<efDialogRow>
		<efDialogField>
			<NAME>svy_zufallsfragen_poolgroesse</NAME>
			<DESC>Zufallsfragen Poolgröße</DESC>
			<TYPE>INPUT</TYPE>
		</efDialogField>
	</efDialogRow>
</efDialogPage>