<?xml version="1.0" encoding="utf-8" ?>
<efDialogPage MULTIROW="0" DIALOGSIZE="10">
	<efDialogRow>
		<efDialogField>
			<DESC>$HOT$B$HOT$enutzername</DESC>
			<NAME>username</NAME>
			<TYPE>INPUT</TYPE>
		</efDialogField>
		
	</efDialogRow>
	<efDialogRow>
		<efDialogField>
			<DESC>$HOT$P$HOT$asswort</DESC>
			<NAME>password</NAME>
			<TYPE>PASSWORD</TYPE>
		</efDialogField>
	</efDialogRow>
	<efDialogRow>
		<efDialogField>
			<NAME>Ok</NAME>
			<TYPE>BUTTON</TYPE>
			<VALUE>Ok</VALUE>
			<DEFAULT>true</DEFAULT>
			<BUTTONTYPE>Submit</BUTTONTYPE>
			<BUTTONSTYLE>cmdButton</BUTTONSTYLE>
		</efDialogField>
		<efDialogField>
			<NAME>Reset</NAME>
			<TYPE>BUTTON</TYPE>
			<VALUE>Loeschen</VALUE>
			<BUTTONTYPE>Reset</BUTTONTYPE>
			<BUTTONSTYLE>cmdButton</BUTTONSTYLE>
		</efDialogField>
	</efDialogRow>
	
</efDialogPage>