<?xml version="1.0" encoding="utf-8" ?>
<table name="tdQuestions" inserted="qst_inserted" updated="qst_updated" insertedby="qst_insertedby"
	updatedby="qst_updatedby">
	<field primarykey="1">
		<name>qst_id</name>
		<type>int</type>
		<desc>Question-ID</desc>
	</field>
	<field>
		<name>qst_mathml</name>
		<type>string</type>
		<size>4000</size>
		<desc>Mathe-ML</desc>
	</field>
	<field>
		<name>qst_svy_id</name>
		<type>int</type>
		<desc>Survey</desc>
		<rules>
			<mandatory></mandatory>
		</rules>
	</field>
	<field>
		<name>qst_text</name>
		<type>string</type>
		<desc>Fragentext</desc>
		<size>768</size>
		<rules>
			<mandatory></mandatory>
		</rules>
	</field>
	<field>
		<name>qst_index</name>
		<type>int</type>
		<desc>Sortierindex</desc>
	</field>
	<field>
		<name>qst_inserted</name>
		<type>date</type>
		<desc>Eingefügt</desc>
	</field>
	<field>
		<name>qst_updated</name>
		<type>date</type>
		<desc>Bearbeitet</desc>
	</field>
	<field>
		<name>qst_insertedBy</name>
		<type>string</type>
		<desc>Eingefügt von</desc>
		<size>255</size>
	</field>
	<field>
		<name>qst_updatedBy</name>
		<type>string</type>
		<desc>Bearbeitet von</desc>
		<size>255</size>
	</field>
	<field>
		<name>qst_html_before</name>
		<type>string</type>
		<desc>HTML (oberhalb)</desc>
		<size>255</size>
	</field>
	<field>
		<name>qst_html_after</name>
		<type>string</type>
		<desc>HTML (unterhalb)</desc>
		<size>255</size>
	</field>
	<field>
		<name>qst_layout_description_on_the_left</name>
		<type>int</type>
		<desc>Beschriftung links</desc>
	</field>
</table>
